{
  "name": "pea.web",
    "ambientDependencies": {
        "angular": "github:DefinitelyTyped/DefinitelyTyped/angularjs/angular.d.ts#9f0f926a12026287b5a4a229e5672c01e7549313",
        "angular-formly": "github:DefinitelyTyped/DefinitelyTyped/angular-formly/angular-formly.d.ts#9f0f926a12026287b5a4a229e5672c01e7549313",
        "angular-resource": "registry:dt/angular-resource#1.5.0+20160310132645",
        "angular-ui-router": "github:DefinitelyTyped/DefinitelyTyped/angular-ui-router/angular-ui-router.d.ts#ba4c4fc6c9ec3d1b9b7e26437d6e0f4f8337c948",
        "es6-promise": "registry:dt/es6-promise#0.0.0+20160317120654",
        "ionic": "registry:dt/ionic#0.0.0+20160119153736",
        "jquery": "github:DefinitelyTyped/DefinitelyTyped/jquery/jquery.d.ts#9f0f926a12026287b5a4a229e5672c01e7549313"
    }
}
