﻿{
    "NuevoEstado": {
        "estados": {
            // nueva -> firmada -> Reportada <-> completa/control -> presentada -> fin
            "Reportada": {
                "eventos": {
                    "normal": {
                        "subject": "E-Application {solicitud.NroSolicitud} - {apellidoasegurado} - LP {users.Lp.Name} - NOVEDAD Solicitud Enviada a Control",
                        "to": [ "FSS" ],
                        "cc": [ ],
                        "body": 
"Estimado/a FSS, 

Le informamos las novedades de la solicitud de seguro detallada. Por favor, verifique la misma. 

Este es un mensaje automático. Por favor, no responder al mismo.

Atte.
E-Application"
                    }
                }
            },
            "Completa": {
                "eventos": {
                    "normal": {
                        "to": [ "FSS" ],
                        "cc": [ ],
                        "subject": "E-Application {solicitud.NroSolicitud} - {apellidoasegurado} - LP {users.Lp.Name} - NOVEDAD Solicitud Reportada",
                        "body": 
"Estimado/a FSS, 

Le informamos las novedades de la solicitud de seguro detallada. Por favor, verifique la misma. 

Este es un mensaje automático. Por favor, no responder al mismo.

Atte.
E-Application"
                    }
                }
            },
            //"Presentada": {
            //    "eventos": {
            //        "normal": {
            //            "to": [ "FSS" ],
            //            "cc": [ ],
            //            "subject": "E-Application {solicitud.NroSolicitud} - {apellidoasegurado} - LP {users.Lp.Name} - NOVEDAD"
            //        }
            //    }
            //},
            "Anulada": {
                "eventos": {
                    "normal": {
                        "subject": "E-Application {solicitud.NroSolicitud} - {apellidoasegurado} - LP {users.Lp.Name} - Notificación de Anulación",
                        "por": {
                            "LP": {
                                "to": [ "FSS" ],
                                "cc": [ ]
                            },
                            "FSS": {
                                "to": [ "LP" ],
                                "cc": [ ]
                            },
                            "Worker": {
                                "to": [ "FSS" ],
                                "cc": [ "LP" ]
                            }
                        },
                        "body": 
"Estimado/a LP, 

Le informamos las novedades de la solicitud de seguro detalladas en el subject de referencia. 

Este es un mensaje automático. Por favor, no responder al mismo.

Atte.
E-Application
"
                    }
                }
            },
            "Eliminada": {
                "eventos": {
                    "normal": {
                        "subject": "E-Application {solicitud.NroSolicitud} - {apellidoasegurado} - LP {users.Lp.Name} - Notificación de Eliminación",
                        "por": {
                            "Worker": {
                                "to": [ "FSS" ],
                                "cc": [ "LP" ],
                                
                            }
                        },
                        "body": 
"Estimado/a LP, 

Le informamos las novedades de la solicitud de seguro detalladas en el subject de referencia. 

Este es un mensaje automático. Por favor, no responder al mismo.

Atte.
E-Application
"
                    }
                }
            }
        }

    },
    // nth el tipo podria ser futura y el subtipo el evento de salto
    "FuturaAnulacion": {
 
        "to": [ "LP" ],
        "cc": [ ],
        "subject": "E-Application {solicitud.NroSolicitud} - {apellidoasegurado} - LP {users.Lp.Name} - Aviso de Anulación {daysLSTMD}",
        "body": 
"Estimado/a LP,  

Le informamos las novedades de la solicitud de seguro detalladas en el subject de referencia. 

Para evitar la anulación, la solicitud debe ser presentada.

Este es un mensaje automático. Por favor, no responder al mismo.

Atte.
E-Application
"
    },
    "FuturaEliminacion": {
        "to": [ "LP" ],
        "cc": [ ],
        "subject": "E-Application {solicitud.NroSolicitud} - {apellidoasegurado} - LP {users.Lp.Name} - Aviso de Eliminación {daysLSTMD}",
        "body": 
"Estimado/a LP, 

Le informamos las novedades de la solicitud de seguro detalladas en el subject de referencia. 

Para evitar la eliminación, la solicitud debe ser firmada por el cliente.

Este es un mensaje automático. Por favor, no responder al mismo.

Atte.
E-Application
"
 
    }
}